address,age,email,firstName,ip,joinDate,lastName,leaveDate,referral,transactionAmount,transactionDate,zip
51233 Hilpert Loop,42,Jarred_Hodkiewicz@yahoo.com,Cooper,64.41.153.138,Sun Aug 05 2018 16:56:40 GMT-0600 (Mountain Daylight Time),Yundt,Sat Feb 23 2019 02:10:33 GMT-0700 (Mountain Standard Time),false,75.69,Mon Apr 29 2019 07:47:09 GMT-0600 (Mountain Daylight Time),97628
067 Nicolas Keys,50,Brannon_Mayert74@hotmail.com,Carey,215.232.248.86,Thu Dec 27 2018 21:02:20 GMT-0700 (Mountain Standard Time),Blick,Fri Jul 13 2018 14:59:10 GMT-0600 (Mountain Daylight Time),true,449.46,Mon Apr 29 2019 10:25:24 GMT-0600 (Mountain Daylight Time),30003-8615
54848 Fatima Circles,44,Stephan89@gmail.com,Trever,109.78.155.28,Tue Jan 29 2019 06:23:40 GMT-0700 (Mountain Standard Time),Doyle,Tue Oct 30 2018 16:23:28 GMT-0600 (Mountain Daylight Time),true,403.07,Mon Apr 29 2019 18:06:00 GMT-0600 (Mountain Daylight Time),90452
163 Brekke Fords,82,Cristopher2@hotmail.com,Alexandra,196.90.47.156,Mon May 28 2018 20:05:16 GMT-0600 (Mountain Daylight Time),Miller,Fri Aug 17 2018 00:47:27 GMT-0600 (Mountain Daylight Time),false,854.22,Mon Apr 29 2019 18:51:17 GMT-0600 (Mountain Daylight Time),87242-9799
553 Bergstrom Mountains,80,Janice.Nicolas5@yahoo.com,Prince,229.41.19.103,Sat Dec 29 2018 01:21:03 GMT-0700 (Mountain Standard Time),Bogan,Sun Jul 08 2018 18:35:59 GMT-0600 (Mountain Daylight Time),true,948.62,Mon Apr 29 2019 02:04:04 GMT-0600 (Mountain Daylight Time),13919
778 Nitzsche Flat,92,Lupe.Koelpin93@hotmail.com,Taya,209.216.2.162,Fri Sep 21 2018 15:44:24 GMT-0600 (Mountain Daylight Time),Nienow,Wed Jun 13 2018 09:39:28 GMT-0600 (Mountain Daylight Time),true,825.58,Mon Apr 29 2019 05:56:42 GMT-0600 (Mountain Daylight Time),82836-8670
1759 Reinger Estate,93,Dianna9@yahoo.com,Leonard,222.231.162.39,Thu Feb 28 2019 13:46:39 GMT-0700 (Mountain Standard Time),Wunsch,Thu Jun 07 2018 21:13:52 GMT-0600 (Mountain Daylight Time),true,743.96,Mon Apr 29 2019 16:10:33 GMT-0600 (Mountain Daylight Time),75098-0244
24175 Destin Lakes,56,Ressie.Lind@yahoo.com,Vincenza,54.95.121.144,Sat Apr 13 2019 14:44:13 GMT-0600 (Mountain Daylight Time),Dooley,Sat Apr 20 2019 14:07:04 GMT-0600 (Mountain Daylight Time),false,448.42,Mon Apr 29 2019 13:18:40 GMT-0600 (Mountain Daylight Time),25092-7036
68749 Schulist Isle,88,Eric_Funk@hotmail.com,Wilhelmine,197.55.196.79,Tue Sep 11 2018 14:15:03 GMT-0600 (Mountain Daylight Time),Eichmann,Thu Jan 10 2019 23:38:01 GMT-0700 (Mountain Standard Time),true,136.84,Mon Apr 29 2019 00:25:36 GMT-0600 (Mountain Daylight Time),95964
452 Ian Flats,9,Mckenzie_Kessler@yahoo.com,Floyd,195.100.243.32,Mon Feb 04 2019 11:55:40 GMT-0700 (Mountain Standard Time),Corkery,Thu Sep 13 2018 04:43:23 GMT-0600 (Mountain Daylight Time),false,152.20,Mon Apr 29 2019 13:43:12 GMT-0600 (Mountain Daylight Time),02606
82507 Zackery Fords,33,Jermaine10@gmail.com,Luis,170.17.241.177,Thu Oct 18 2018 11:18:57 GMT-0600 (Mountain Daylight Time),Kertzmann,Wed Jan 09 2019 22:22:12 GMT-0700 (Mountain Standard Time),false,801.94,Mon Apr 29 2019 17:11:59 GMT-0600 (Mountain Daylight Time),81491
28950 Melany Way,95,Barry19@gmail.com,Justyn,43.182.218.40,Fri Aug 17 2018 13:29:02 GMT-0600 (Mountain Daylight Time),Balistreri,Fri Feb 08 2019 14:19:26 GMT-0700 (Mountain Standard Time),true,188.82,Mon Apr 29 2019 04:55:02 GMT-0600 (Mountain Daylight Time),71979-0674
509 Soledad Unions,28,Helena.Orn93@yahoo.com,Christopher,100.27.52.69,Thu Apr 11 2019 06:01:25 GMT-0600 (Mountain Daylight Time),Erdman,Fri Aug 17 2018 00:09:30 GMT-0600 (Mountain Daylight Time),true,737.21,Sun Apr 28 2019 23:41:51 GMT-0600 (Mountain Daylight Time),55767-1823
38989 Hagenes Highway,7,Jasper_Beatty@gmail.com,Veronica,152.151.95.56,Thu Apr 11 2019 14:11:15 GMT-0600 (Mountain Daylight Time),Hermiston,Fri Nov 09 2018 14:52:05 GMT-0700 (Mountain Standard Time),true,809.80,Mon Apr 29 2019 06:22:55 GMT-0600 (Mountain Daylight Time),90973-6118
9732 Schmeler Summit,4,Johnathan98@hotmail.com,Jaycee,61.95.171.59,Sat Jun 09 2018 22:45:58 GMT-0600 (Mountain Daylight Time),Romaguera,Mon Mar 18 2019 06:46:29 GMT-0600 (Mountain Daylight Time),true,643.45,Mon Apr 29 2019 16:24:26 GMT-0600 (Mountain Daylight Time),38815-2002
7062 Jovani Underpass,1,Roderick.Homenick@hotmail.com,Geovanni,114.155.79.35,Wed Sep 19 2018 04:12:08 GMT-0600 (Mountain Daylight Time),Daniel,Tue Nov 06 2018 10:55:04 GMT-0700 (Mountain Standard Time),true,128.13,Mon Apr 29 2019 12:40:51 GMT-0600 (Mountain Daylight Time),22672
47430 Gutkowski Lodge,87,Citlalli.Buckridge95@yahoo.com,Dusty,86.87.225.53,Sun May 20 2018 03:26:45 GMT-0600 (Mountain Daylight Time),McGlynn,Tue Jul 10 2018 14:07:19 GMT-0600 (Mountain Daylight Time),false,46.42,Mon Apr 29 2019 12:10:08 GMT-0600 (Mountain Daylight Time),50363
5551 Reese Heights,24,Jordy.Schmidt@hotmail.com,Wyatt,53.139.240.193,Tue Jul 17 2018 06:10:44 GMT-0600 (Mountain Daylight Time),Kutch,Sun Jul 29 2018 23:45:09 GMT-0600 (Mountain Daylight Time),true,118.04,Mon Apr 29 2019 03:28:56 GMT-0600 (Mountain Daylight Time),87792-8023
681 Yundt Falls,24,Carrie46@yahoo.com,Kaitlyn,127.29.165.104,Sun Feb 17 2019 05:29:49 GMT-0700 (Mountain Standard Time),Wunsch,Sun Sep 09 2018 14:00:25 GMT-0600 (Mountain Daylight Time),true,12.10,Mon Apr 29 2019 03:57:01 GMT-0600 (Mountain Daylight Time),60660-4683
73738 Bogan Crossroad,32,Corbin_Donnelly@hotmail.com,Selena,6.42.90.217,Thu Mar 21 2019 18:51:55 GMT-0600 (Mountain Daylight Time),Mayer,Tue Jun 26 2018 11:56:12 GMT-0600 (Mountain Daylight Time),false,432.62,Mon Apr 29 2019 19:39:59 GMT-0600 (Mountain Daylight Time),41252-7050
9021 Monica Burgs,61,Rylan_Renner@hotmail.com,Kaylee,55.76.14.195,Sun Mar 03 2019 20:13:46 GMT-0700 (Mountain Standard Time),Hettinger,Mon Oct 01 2018 22:43:52 GMT-0600 (Mountain Daylight Time),false,620.93,Mon Apr 29 2019 10:30:28 GMT-0600 (Mountain Daylight Time),29632
46054 Zboncak Parkways,40,Isadore80@yahoo.com,Percy,233.133.23.150,Mon May 28 2018 21:20:54 GMT-0600 (Mountain Daylight Time),Pfannerstill,Wed Aug 29 2018 20:21:07 GMT-0600 (Mountain Daylight Time),false,930.75,Mon Apr 29 2019 16:09:08 GMT-0600 (Mountain Daylight Time),55905
2447 Lucienne Plaza,12,Alta_Parisian87@hotmail.com,Alison,188.194.54.112,Thu Jun 21 2018 07:05:06 GMT-0600 (Mountain Daylight Time),Schamberger,Tue Oct 30 2018 21:16:48 GMT-0600 (Mountain Daylight Time),true,28.84,Mon Apr 29 2019 21:59:12 GMT-0600 (Mountain Daylight Time),40918
4084 Pierce Parkway,45,Haleigh88@gmail.com,Marquise,54.22.252.209,Wed Nov 21 2018 23:41:11 GMT-0700 (Mountain Standard Time),Dach,Thu Nov 22 2018 21:49:52 GMT-0700 (Mountain Standard Time),true,786.31,Mon Apr 29 2019 06:27:53 GMT-0600 (Mountain Daylight Time),99114
892 Freeda Brook,50,Ewald7@yahoo.com,Vladimir,76.19.243.101,Sat Jul 14 2018 12:46:05 GMT-0600 (Mountain Daylight Time),Kirlin,Thu Mar 07 2019 09:06:42 GMT-0700 (Mountain Standard Time),true,598.31,Mon Apr 29 2019 04:56:21 GMT-0600 (Mountain Daylight Time),17760
061 Andreane Pines,31,Zetta_Gutmann@gmail.com,Vicky,170.168.121.235,Thu Jun 21 2018 14:58:35 GMT-0600 (Mountain Daylight Time),Fay,Tue Feb 26 2019 20:12:07 GMT-0700 (Mountain Standard Time),false,814.93,Mon Apr 29 2019 11:36:41 GMT-0600 (Mountain Daylight Time),55824-4526
002 Jazmin Roads,10,Jacynthe_Cartwright@yahoo.com,Colleen,113.167.78.69,Sun Nov 04 2018 14:12:57 GMT-0700 (Mountain Standard Time),Gleichner,Wed Jan 30 2019 06:26:49 GMT-0700 (Mountain Standard Time),true,530.31,Mon Apr 29 2019 04:27:08 GMT-0600 (Mountain Daylight Time),75682
55987 Pfannerstill Cliff,79,Isaiah_Kling29@gmail.com,Troy,234.85.135.72,Mon Feb 11 2019 06:56:21 GMT-0700 (Mountain Standard Time),Vandervort,Fri Feb 08 2019 06:29:08 GMT-0700 (Mountain Standard Time),false,370.16,Mon Apr 29 2019 18:55:29 GMT-0600 (Mountain Daylight Time),61296
487 Cruickshank Square,55,Michele_Pacocha@gmail.com,Kamron,81.168.95.169,Tue May 15 2018 13:36:35 GMT-0600 (Mountain Daylight Time),Lindgren,Fri Mar 15 2019 17:19:06 GMT-0600 (Mountain Daylight Time),false,903.27,Mon Apr 29 2019 10:21:06 GMT-0600 (Mountain Daylight Time),70565-8112
499 Demarcus Stravenue,12,Kaitlin81@gmail.com,Tara,140.254.168.134,Mon Aug 27 2018 05:24:17 GMT-0600 (Mountain Daylight Time),Emmerich,Wed Aug 22 2018 21:04:02 GMT-0600 (Mountain Daylight Time),false,521.24,Mon Apr 29 2019 11:46:40 GMT-0600 (Mountain Daylight Time),78799-3916
4747 Ruby Vista,76,Brendon11@gmail.com,Tyrel,47.251.162.179,Sat May 19 2018 10:56:54 GMT-0600 (Mountain Daylight Time),Waters,Tue Mar 05 2019 01:49:34 GMT-0700 (Mountain Standard Time),false,582.03,Mon Apr 29 2019 11:18:44 GMT-0600 (Mountain Daylight Time),01551-9514
6489 Schowalter Village,14,Ramon_Keebler12@hotmail.com,Leonor,228.104.182.240,Mon Nov 26 2018 13:25:47 GMT-0700 (Mountain Standard Time),Von,Wed Jul 04 2018 02:54:47 GMT-0600 (Mountain Daylight Time),false,398.31,Mon Apr 29 2019 18:56:14 GMT-0600 (Mountain Daylight Time),05337-7999
8932 Dedrick Grove,77,Chaya11@gmail.com,Lily,208.69.188.59,Fri Dec 21 2018 18:04:45 GMT-0700 (Mountain Standard Time),Simonis,Mon Jan 14 2019 05:47:43 GMT-0700 (Mountain Standard Time),false,23.62,Mon Apr 29 2019 10:56:42 GMT-0600 (Mountain Daylight Time),53898
294 Carter Street,61,Elvis81@gmail.com,Oleta,166.27.199.201,Fri Nov 30 2018 10:35:56 GMT-0700 (Mountain Standard Time),Jacobs,Fri May 25 2018 23:54:43 GMT-0600 (Mountain Daylight Time),false,233.08,Mon Apr 29 2019 06:33:08 GMT-0600 (Mountain Daylight Time),17385-2345
65791 Jazmin Inlet,35,Bettye87@hotmail.com,Joe,132.166.50.7,Tue May 29 2018 03:51:50 GMT-0600 (Mountain Daylight Time),Sauer,Thu Oct 11 2018 22:57:13 GMT-0600 (Mountain Daylight Time),true,58.70,Mon Apr 29 2019 14:33:44 GMT-0600 (Mountain Daylight Time),41368-0167
8900 Ruecker Walk,27,Lee.Considine@hotmail.com,Pierre,19.125.80.128,Sun Sep 16 2018 22:51:37 GMT-0600 (Mountain Daylight Time),Larson,Mon Jan 07 2019 05:59:41 GMT-0700 (Mountain Standard Time),false,591.46,Sun Apr 28 2019 22:40:06 GMT-0600 (Mountain Daylight Time),88411
54510 Stokes Course,17,Emmanuel41@yahoo.com,Jadyn,15.27.63.130,Sat Jun 09 2018 23:28:30 GMT-0600 (Mountain Daylight Time),Volkman,Tue May 01 2018 07:26:14 GMT-0600 (Mountain Daylight Time),true,41.72,Mon Apr 29 2019 01:53:39 GMT-0600 (Mountain Daylight Time),78568-2550
8611 Devin Corner,19,Karlee.Gerhold22@hotmail.com,Alexandrea,84.250.188.174,Sat May 12 2018 08:41:34 GMT-0600 (Mountain Daylight Time),Cassin,Sat Sep 22 2018 04:22:28 GMT-0600 (Mountain Daylight Time),false,320.76,Mon Apr 29 2019 17:38:44 GMT-0600 (Mountain Daylight Time),21246-0383
481 Sarai Rest,65,Javonte19@yahoo.com,Lamar,177.173.169.1,Tue Aug 28 2018 10:13:33 GMT-0600 (Mountain Daylight Time),Kertzmann,Fri Dec 07 2018 04:03:06 GMT-0700 (Mountain Standard Time),true,113.29,Mon Apr 29 2019 18:33:32 GMT-0600 (Mountain Daylight Time),03799-4674
47323 Sipes Locks,0,Izabella_Lockman48@hotmail.com,Assunta,61.194.116.251,Wed Feb 27 2019 23:45:33 GMT-0700 (Mountain Standard Time),Gerhold,Sat Sep 15 2018 06:30:26 GMT-0600 (Mountain Daylight Time),true,674.01,Mon Apr 29 2019 10:50:37 GMT-0600 (Mountain Daylight Time),92190-9286
02367 Kilback Bridge,98,Elyssa_Beahan15@hotmail.com,Alexanne,21.204.31.238,Mon Jan 07 2019 04:30:16 GMT-0700 (Mountain Standard Time),Lakin,Thu Nov 29 2018 13:52:48 GMT-0700 (Mountain Standard Time),true,364.63,Mon Apr 29 2019 14:24:57 GMT-0600 (Mountain Daylight Time),03249-5097
501 Davis Glen,43,Caitlyn_Oberbrunner33@yahoo.com,Magali,86.117.99.218,Fri Mar 08 2019 13:15:04 GMT-0700 (Mountain Standard Time),Gerlach,Tue Feb 05 2019 03:22:12 GMT-0700 (Mountain Standard Time),false,279.55,Mon Apr 29 2019 07:08:45 GMT-0600 (Mountain Daylight Time),90938
216 Langosh Isle,14,Mark83@yahoo.com,Lynn,236.252.166.109,Thu Nov 29 2018 22:54:33 GMT-0700 (Mountain Standard Time),Schmidt,Wed Oct 17 2018 02:11:44 GMT-0600 (Mountain Daylight Time),true,965.94,Mon Apr 29 2019 07:07:13 GMT-0600 (Mountain Daylight Time),22758
275 Carter Mews,66,Noemi.Effertz62@hotmail.com,Kira,130.52.101.252,Sun Oct 14 2018 14:17:30 GMT-0600 (Mountain Daylight Time),Jaskolski,Fri Oct 12 2018 18:09:54 GMT-0600 (Mountain Daylight Time),false,642.22,Mon Apr 29 2019 20:08:51 GMT-0600 (Mountain Daylight Time),81119
188 Little Cliff,50,Godfrey56@gmail.com,Gideon,249.101.170.24,Wed Mar 27 2019 16:27:42 GMT-0600 (Mountain Daylight Time),Kertzmann,Thu Nov 15 2018 04:46:19 GMT-0700 (Mountain Standard Time),true,336.09,Mon Apr 29 2019 12:36:36 GMT-0600 (Mountain Daylight Time),88256
22089 Ebert Fort,75,Hiram.Johnston5@hotmail.com,Rosalia,212.107.157.109,Sat Apr 20 2019 13:03:13 GMT-0600 (Mountain Daylight Time),Orn,Wed Dec 26 2018 15:09:26 GMT-0700 (Mountain Standard Time),false,588.90,Mon Apr 29 2019 07:35:58 GMT-0600 (Mountain Daylight Time),81301
67342 Kuhlman Squares,92,Sadye_Kessler@yahoo.com,Dominic,206.182.105.49,Sat Oct 06 2018 03:13:54 GMT-0600 (Mountain Daylight Time),Luettgen,Mon Apr 30 2018 23:58:36 GMT-0600 (Mountain Daylight Time),true,944.34,Mon Apr 29 2019 03:25:03 GMT-0600 (Mountain Daylight Time),90114
74562 Unique Mills,47,Edwina_Blanda@hotmail.com,Maye,252.231.169.49,Tue Feb 05 2019 23:25:16 GMT-0700 (Mountain Standard Time),Rau,Tue Jan 01 2019 05:07:54 GMT-0700 (Mountain Standard Time),false,618.69,Mon Apr 29 2019 09:48:32 GMT-0600 (Mountain Daylight Time),39546-9747
768 Berge Turnpike,70,Jaquan_Bergstrom@yahoo.com,Lloyd,24.29.131.156,Fri Sep 07 2018 09:07:46 GMT-0600 (Mountain Daylight Time),Barrows,Thu Dec 13 2018 00:08:24 GMT-0700 (Mountain Standard Time),false,335.60,Mon Apr 29 2019 06:00:01 GMT-0600 (Mountain Daylight Time),18188-3587
35149 Gottlieb Lodge,38,Magdalen_Welch@yahoo.com,Peter,98.225.63.46,Mon Dec 10 2018 00:18:43 GMT-0700 (Mountain Standard Time),Kerluke,Fri Apr 19 2019 23:53:00 GMT-0600 (Mountain Daylight Time),false,906.60,Mon Apr 29 2019 15:36:26 GMT-0600 (Mountain Daylight Time),23699
42420 Simonis Fork,36,Kaylah_Gleichner76@gmail.com,Gillian,168.95.75.57,Wed Oct 03 2018 01:40:32 GMT-0600 (Mountain Daylight Time),Block,Fri Oct 12 2018 11:29:19 GMT-0600 (Mountain Daylight Time),false,603.52,Mon Apr 29 2019 06:14:26 GMT-0600 (Mountain Daylight Time),70011
701 Kreiger Mission,76,David.Tremblay@gmail.com,Junior,213.134.72.131,Thu Jul 19 2018 17:09:58 GMT-0600 (Mountain Daylight Time),Heller,Mon Apr 29 2019 18:33:18 GMT-0600 (Mountain Daylight Time),false,253.17,Mon Apr 29 2019 04:45:47 GMT-0600 (Mountain Daylight Time),93483
92529 Hessel Road,32,Fabiola41@hotmail.com,Ewell,190.42.23.41,Mon Nov 19 2018 20:43:24 GMT-0700 (Mountain Standard Time),Langosh,Thu Feb 07 2019 03:24:10 GMT-0700 (Mountain Standard Time),true,392.27,Mon Apr 29 2019 19:24:14 GMT-0600 (Mountain Daylight Time),61657-7855
16372 Cornelius Forest,63,Cristal_Buckridge45@yahoo.com,Marisol,104.40.167.248,Thu Nov 29 2018 14:00:55 GMT-0700 (Mountain Standard Time),Waters,Fri Aug 10 2018 05:06:42 GMT-0600 (Mountain Daylight Time),true,326.67,Mon Apr 29 2019 00:43:02 GMT-0600 (Mountain Daylight Time),92074
88823 Reagan Port,10,Nadia_Schmidt10@yahoo.com,Alan,73.231.88.69,Fri Aug 03 2018 21:25:18 GMT-0600 (Mountain Daylight Time),Labadie,Sat Jul 14 2018 03:40:18 GMT-0600 (Mountain Daylight Time),true,620.85,Mon Apr 29 2019 03:14:19 GMT-0600 (Mountain Daylight Time),87516
119 Neal Junctions,28,Erwin_Connelly@hotmail.com,Elias,106.66.65.38,Wed Nov 21 2018 20:57:23 GMT-0700 (Mountain Standard Time),Cummings,Mon Oct 01 2018 20:27:44 GMT-0600 (Mountain Daylight Time),true,826.78,Mon Apr 29 2019 21:54:15 GMT-0600 (Mountain Daylight Time),20203
680 Crona River,63,Shemar_Abernathy@gmail.com,Denis,125.202.154.132,Fri Aug 24 2018 07:25:52 GMT-0600 (Mountain Daylight Time),Williamson,Wed Sep 05 2018 09:13:52 GMT-0600 (Mountain Daylight Time),false,78.34,Mon Apr 29 2019 06:50:58 GMT-0600 (Mountain Daylight Time),86095-6797
6653 Jaskolski Knoll,24,Durward_Fisher@yahoo.com,Paula,222.63.15.65,Tue Apr 02 2019 15:48:47 GMT-0600 (Mountain Daylight Time),Bahringer,Thu May 10 2018 07:20:33 GMT-0600 (Mountain Daylight Time),true,931.78,Mon Apr 29 2019 02:57:48 GMT-0600 (Mountain Daylight Time),54001-4897
1128 Imani Via,40,Amparo80@hotmail.com,Casey,152.210.90.163,Sun May 20 2018 01:38:45 GMT-0600 (Mountain Daylight Time),Kohler,Thu Feb 28 2019 18:19:35 GMT-0700 (Mountain Standard Time),false,437.28,Mon Apr 29 2019 00:24:32 GMT-0600 (Mountain Daylight Time),10182-5858
92146 Kaylie Park,53,Russel.Treutel92@hotmail.com,Rosemarie,173.206.92.110,Sun May 06 2018 05:08:32 GMT-0600 (Mountain Daylight Time),Pollich,Tue Jan 29 2019 23:39:45 GMT-0700 (Mountain Standard Time),false,899.19,Mon Apr 29 2019 11:44:42 GMT-0600 (Mountain Daylight Time),49706
695 Price Highway,19,Ruthie.Kirlin@gmail.com,Aileen,255.208.116.3,Wed Sep 12 2018 06:40:40 GMT-0600 (Mountain Daylight Time),O'Keefe,Sun Jan 06 2019 14:41:34 GMT-0700 (Mountain Standard Time),false,298.15,Mon Apr 29 2019 20:52:35 GMT-0600 (Mountain Daylight Time),84321-7640
86363 Stark Hollow,45,Lessie.Ruecker@gmail.com,Clementine,0.222.40.72,Mon Apr 01 2019 16:42:21 GMT-0600 (Mountain Daylight Time),Rippin,Thu Feb 28 2019 09:27:03 GMT-0700 (Mountain Standard Time),true,489.98,Mon Apr 29 2019 19:44:21 GMT-0600 (Mountain Daylight Time),04165
071 Murphy Cliffs,93,Ila12@hotmail.com,Amparo,223.134.163.61,Thu Jan 31 2019 07:01:07 GMT-0700 (Mountain Standard Time),Smitham,Sun Apr 21 2019 14:04:09 GMT-0600 (Mountain Daylight Time),false,596.45,Mon Apr 29 2019 17:23:51 GMT-0600 (Mountain Daylight Time),69105
29601 Lang Lodge,6,Jaclyn32@hotmail.com,Aron,45.180.192.78,Sun Nov 04 2018 19:41:00 GMT-0700 (Mountain Standard Time),Wintheiser,Sun May 13 2018 15:23:43 GMT-0600 (Mountain Daylight Time),false,399.43,Mon Apr 29 2019 17:14:02 GMT-0600 (Mountain Daylight Time),82053
286 Lang Mews,53,Freddy10@gmail.com,Glennie,209.40.63.120,Fri Apr 26 2019 23:40:57 GMT-0600 (Mountain Daylight Time),Doyle,Mon Nov 19 2018 11:47:57 GMT-0700 (Mountain Standard Time),true,445.20,Mon Apr 29 2019 14:04:09 GMT-0600 (Mountain Daylight Time),25210-9977
9899 Kulas Ways,73,Fabian28@hotmail.com,Alexis,16.104.154.64,Mon Jul 30 2018 01:35:31 GMT-0600 (Mountain Daylight Time),Cormier,Wed Jan 30 2019 02:06:59 GMT-0700 (Mountain Standard Time),true,738.17,Mon Apr 29 2019 13:49:14 GMT-0600 (Mountain Daylight Time),94933-2138
926 Schmitt Prairie,22,Alberta80@gmail.com,Myah,86.66.200.172,Sat Jun 09 2018 12:14:31 GMT-0600 (Mountain Daylight Time),Bruen,Tue Mar 19 2019 00:02:09 GMT-0600 (Mountain Daylight Time),true,682.88,Mon Apr 29 2019 10:32:46 GMT-0600 (Mountain Daylight Time),74951-5796
3100 Walker Streets,52,Vickie73@yahoo.com,Sophia,246.158.198.115,Wed Apr 17 2019 03:32:04 GMT-0600 (Mountain Daylight Time),Lubowitz,Sun Feb 17 2019 20:28:26 GMT-0700 (Mountain Standard Time),true,126.66,Mon Apr 29 2019 21:01:52 GMT-0600 (Mountain Daylight Time),41523
0200 Oliver Field,94,Berniece_Heaney76@hotmail.com,Kurt,29.219.112.55,Tue Feb 05 2019 17:11:47 GMT-0700 (Mountain Standard Time),Bruen,Sun Feb 03 2019 12:51:54 GMT-0700 (Mountain Standard Time),true,617.19,Mon Apr 29 2019 10:02:55 GMT-0600 (Mountain Daylight Time),52456
22959 Kale Extension,73,Felipe_Halvorson13@hotmail.com,Mercedes,127.171.219.58,Thu Jan 03 2019 01:32:16 GMT-0700 (Mountain Standard Time),Berge,Thu Jul 26 2018 18:16:59 GMT-0600 (Mountain Daylight Time),true,297.40,Mon Apr 29 2019 21:36:38 GMT-0600 (Mountain Daylight Time),37893-1326
083 Hoeger Drive,77,Orval_Wilderman@hotmail.com,Adolfo,170.249.167.95,Sun Apr 07 2019 09:20:39 GMT-0600 (Mountain Daylight Time),Moore,Tue May 01 2018 12:54:05 GMT-0600 (Mountain Daylight Time),true,776.34,Mon Apr 29 2019 00:25:12 GMT-0600 (Mountain Daylight Time),93284-8041
270 Predovic Plaza,28,Dillan_Schaefer@yahoo.com,Etha,198.69.168.224,Sun Oct 21 2018 23:25:45 GMT-0600 (Mountain Daylight Time),Rath,Wed Nov 07 2018 16:24:36 GMT-0700 (Mountain Standard Time),false,588.06,Mon Apr 29 2019 04:44:16 GMT-0600 (Mountain Daylight Time),52503
90216 Brown Bypass,57,Javonte26@gmail.com,Russ,4.188.61.221,Sun Feb 03 2019 07:15:55 GMT-0700 (Mountain Standard Time),Krajcik,Thu Nov 08 2018 13:15:18 GMT-0700 (Mountain Standard Time),false,893.69,Mon Apr 29 2019 15:40:34 GMT-0600 (Mountain Daylight Time),67478
61563 Bayer Keys,75,Brittany.Nitzsche5@yahoo.com,Rosalind,59.231.138.158,Fri Mar 01 2019 08:01:41 GMT-0700 (Mountain Standard Time),Hagenes,Wed May 16 2018 07:59:05 GMT-0600 (Mountain Daylight Time),false,884.69,Mon Apr 29 2019 18:43:20 GMT-0600 (Mountain Daylight Time),20142
569 West Neck,42,Will_Waelchi32@gmail.com,Kristian,223.57.44.135,Thu Apr 25 2019 10:23:49 GMT-0600 (Mountain Daylight Time),Legros,Wed Feb 13 2019 05:10:29 GMT-0700 (Mountain Standard Time),false,848.55,Mon Apr 29 2019 00:52:27 GMT-0600 (Mountain Daylight Time),96136
5464 Hahn Well,20,Tyrese91@yahoo.com,Javonte,26.40.219.70,Sun Jan 27 2019 12:04:55 GMT-0700 (Mountain Standard Time),Marquardt,Sat Nov 03 2018 06:52:36 GMT-0600 (Mountain Daylight Time),false,254.83,Sun Apr 28 2019 23:04:22 GMT-0600 (Mountain Daylight Time),15717
06890 Hegmann Mountain,84,Reginald_Hyatt@hotmail.com,Romaine,21.66.228.135,Thu Jul 19 2018 19:19:57 GMT-0600 (Mountain Daylight Time),Stracke,Sun Oct 21 2018 04:16:43 GMT-0600 (Mountain Daylight Time),false,114.95,Mon Apr 29 2019 08:30:21 GMT-0600 (Mountain Daylight Time),95966-2113
117 Gerson Knolls,28,Ferne_Rolfson@gmail.com,Emmett,113.143.87.162,Mon May 21 2018 22:41:46 GMT-0600 (Mountain Daylight Time),Wisozk,Sun Feb 03 2019 08:04:31 GMT-0700 (Mountain Standard Time),true,843.49,Mon Apr 29 2019 04:57:15 GMT-0600 (Mountain Daylight Time),25594
61551 Retha Streets,49,Gerard73@yahoo.com,Aliza,228.136.191.236,Mon Aug 06 2018 14:11:54 GMT-0600 (Mountain Daylight Time),Gaylord,Sat Mar 30 2019 08:28:31 GMT-0600 (Mountain Daylight Time),false,10.08,Mon Apr 29 2019 15:12:42 GMT-0600 (Mountain Daylight Time),69911
1543 Amiya Ranch,33,Cecile55@gmail.com,Winona,138.32.249.188,Sun Feb 17 2019 23:25:14 GMT-0700 (Mountain Standard Time),Auer,Fri Jun 01 2018 15:10:38 GMT-0600 (Mountain Daylight Time),false,567.44,Mon Apr 29 2019 09:08:08 GMT-0600 (Mountain Daylight Time),15447
83709 Bogan Squares,93,Reba.Beahan28@yahoo.com,Winfield,177.188.146.88,Mon Oct 01 2018 07:31:47 GMT-0600 (Mountain Daylight Time),Jones,Fri Aug 24 2018 10:23:35 GMT-0600 (Mountain Daylight Time),false,892.12,Mon Apr 29 2019 09:19:31 GMT-0600 (Mountain Daylight Time),59053
249 Halvorson Squares,45,Kenna_Reichel@hotmail.com,Mable,134.113.36.135,Fri Sep 28 2018 12:17:34 GMT-0600 (Mountain Daylight Time),Kuvalis,Mon May 21 2018 21:34:15 GMT-0600 (Mountain Daylight Time),false,783.95,Mon Apr 29 2019 00:49:12 GMT-0600 (Mountain Daylight Time),64748-4074
234 Eichmann Trafficway,54,Serena.Fritsch17@gmail.com,Alejandrin,180.179.197.67,Fri Aug 03 2018 09:35:09 GMT-0600 (Mountain Daylight Time),Rogahn,Sat Apr 27 2019 21:11:18 GMT-0600 (Mountain Daylight Time),true,916.65,Mon Apr 29 2019 00:21:16 GMT-0600 (Mountain Daylight Time),75057-0810
703 Dickinson Turnpike,11,Sienna_Lang85@hotmail.com,Darrion,184.113.140.210,Wed Mar 13 2019 14:06:29 GMT-0600 (Mountain Daylight Time),Olson,Mon Mar 18 2019 14:00:53 GMT-0600 (Mountain Daylight Time),false,396.21,Mon Apr 29 2019 20:08:11 GMT-0600 (Mountain Daylight Time),72036-7797
771 Rosario Square,29,Orlando.Stehr@hotmail.com,Veda,67.179.248.28,Sat Jan 05 2019 20:19:07 GMT-0700 (Mountain Standard Time),Balistreri,Sat Jul 14 2018 13:10:19 GMT-0600 (Mountain Daylight Time),true,532.06,Mon Apr 29 2019 04:52:33 GMT-0600 (Mountain Daylight Time),05591
4743 Gregory Walk,73,Vladimir63@hotmail.com,Roy,176.49.17.16,Sat Oct 13 2018 07:19:18 GMT-0600 (Mountain Daylight Time),Erdman,Wed Oct 03 2018 23:49:28 GMT-0600 (Mountain Daylight Time),true,16.29,Mon Apr 29 2019 11:11:38 GMT-0600 (Mountain Daylight Time),98743-6689
1000 Taurean Turnpike,76,Justen55@gmail.com,Willard,16.215.156.85,Thu Jul 12 2018 01:35:46 GMT-0600 (Mountain Daylight Time),Hyatt,Sat Feb 09 2019 23:11:45 GMT-0700 (Mountain Standard Time),true,322.64,Mon Apr 29 2019 09:55:39 GMT-0600 (Mountain Daylight Time),08777-3852
868 Cremin Heights,97,Emely80@yahoo.com,Rick,115.41.53.24,Mon Dec 17 2018 15:05:45 GMT-0700 (Mountain Standard Time),Towne,Thu May 03 2018 01:21:38 GMT-0600 (Mountain Daylight Time),false,337.55,Mon Apr 29 2019 11:56:04 GMT-0600 (Mountain Daylight Time),58591
04567 Beier Expressway,76,Mina4@gmail.com,Tressie,175.74.146.247,Wed Dec 05 2018 08:37:08 GMT-0700 (Mountain Standard Time),Fay,Sun May 13 2018 02:18:38 GMT-0600 (Mountain Daylight Time),false,686.70,Mon Apr 29 2019 13:22:29 GMT-0600 (Mountain Daylight Time),00537
02823 Karley Dale,50,Melody65@yahoo.com,River,207.78.26.9,Sat Mar 16 2019 15:47:00 GMT-0600 (Mountain Daylight Time),Pollich,Wed Aug 08 2018 04:23:02 GMT-0600 (Mountain Daylight Time),false,555.59,Mon Apr 29 2019 21:59:19 GMT-0600 (Mountain Daylight Time),19546-5963
48321 Lueilwitz Mount,63,Jovani.Mraz@hotmail.com,Consuelo,222.164.65.127,Thu Oct 11 2018 06:34:25 GMT-0600 (Mountain Daylight Time),Kuphal,Mon Nov 19 2018 04:56:44 GMT-0700 (Mountain Standard Time),false,822.89,Mon Apr 29 2019 01:38:12 GMT-0600 (Mountain Daylight Time),95758-1638
678 McCullough Springs,60,Uriah_Reinger@gmail.com,Caterina,1.108.227.11,Sat May 26 2018 17:55:03 GMT-0600 (Mountain Daylight Time),Johnson,Wed Oct 03 2018 02:01:14 GMT-0600 (Mountain Daylight Time),false,917.81,Sun Apr 28 2019 23:02:33 GMT-0600 (Mountain Daylight Time),71707
06057 Ara Gardens,25,Paige_Volkman6@hotmail.com,Eryn,17.7.207.95,Wed Sep 05 2018 06:51:04 GMT-0600 (Mountain Daylight Time),Hand,Wed Nov 21 2018 12:13:35 GMT-0700 (Mountain Standard Time),false,817.29,Mon Apr 29 2019 08:31:05 GMT-0600 (Mountain Daylight Time),04450
817 Kemmer Groves,49,Alanis82@yahoo.com,Toby,128.66.83.200,Mon Oct 01 2018 13:25:17 GMT-0600 (Mountain Daylight Time),Zieme,Tue Dec 11 2018 02:39:36 GMT-0700 (Mountain Standard Time),true,3.58,Mon Apr 29 2019 10:02:47 GMT-0600 (Mountain Daylight Time),88378-0037
84730 Randal Roads,11,Brock3@yahoo.com,Vilma,245.127.90.74,Wed Mar 13 2019 04:58:53 GMT-0600 (Mountain Daylight Time),Wiza,Tue Jan 01 2019 11:20:13 GMT-0700 (Mountain Standard Time),false,183.04,Mon Apr 29 2019 21:37:08 GMT-0600 (Mountain Daylight Time),23956-2483
1010 Shanel Canyon,78,Dayton_Heaney87@gmail.com,Maria,111.16.198.228,Mon Jan 14 2019 04:53:43 GMT-0700 (Mountain Standard Time),Thiel,Sat Apr 13 2019 12:25:09 GMT-0600 (Mountain Daylight Time),false,648.14,Mon Apr 29 2019 14:54:44 GMT-0600 (Mountain Daylight Time),83396-1183
2872 Jakubowski Via,49,Ernesto_Cronin@yahoo.com,Billy,115.125.93.0,Thu Mar 21 2019 20:22:47 GMT-0600 (Mountain Daylight Time),Block,Wed Nov 21 2018 14:56:15 GMT-0700 (Mountain Standard Time),false,853.00,Sun Apr 28 2019 23:01:41 GMT-0600 (Mountain Daylight Time),28970-0591
5422 Lang Crossroad,92,Dolly3@hotmail.com,Dandre,88.46.147.226,Wed Aug 08 2018 07:39:36 GMT-0600 (Mountain Daylight Time),Ritchie,Mon Apr 29 2019 02:44:54 GMT-0600 (Mountain Daylight Time),false,826.40,Mon Apr 29 2019 14:02:52 GMT-0600 (Mountain Daylight Time),76890
010 Kenyatta Bridge,63,Jacques.Hills@gmail.com,Ernest,171.22.40.78,Mon Jun 18 2018 12:22:10 GMT-0600 (Mountain Daylight Time),Schiller,Sat Dec 08 2018 11:52:24 GMT-0700 (Mountain Standard Time),true,59.79,Mon Apr 29 2019 18:53:44 GMT-0600 (Mountain Daylight Time),20487
090 Hoppe Vista,16,Edythe_Ullrich@yahoo.com,Ron,179.19.132.236,Thu Dec 06 2018 13:39:25 GMT-0700 (Mountain Standard Time),Dare,Thu Mar 21 2019 11:16:26 GMT-0600 (Mountain Daylight Time),true,401.66,Mon Apr 29 2019 21:49:28 GMT-0600 (Mountain Daylight Time),50871
3112 Gail Prairie,49,Dan.Kutch@hotmail.com,Manley,226.182.11.11,Mon Jul 23 2018 22:25:29 GMT-0600 (Mountain Daylight Time),Little,Thu Feb 28 2019 08:55:55 GMT-0700 (Mountain Standard Time),true,382.13,Mon Apr 29 2019 01:29:24 GMT-0600 (Mountain Daylight Time),08623
07402 Leannon Mews,98,Tyrique_OKon@hotmail.com,Leanna,148.240.125.225,Mon Jul 16 2018 21:54:17 GMT-0600 (Mountain Daylight Time),Ward,Sat May 05 2018 06:12:14 GMT-0600 (Mountain Daylight Time),false,982.25,Mon Apr 29 2019 16:58:03 GMT-0600 (Mountain Daylight Time),87894-3723
8430 Clara Drives,93,Adolfo.Quigley@yahoo.com,Kimberly,128.254.242.221,Mon May 21 2018 18:14:30 GMT-0600 (Mountain Daylight Time),Windler,Fri Sep 28 2018 19:18:22 GMT-0600 (Mountain Daylight Time),false,828.16,Mon Apr 29 2019 08:42:24 GMT-0600 (Mountain Daylight Time),05716
4051 Prosacco Prairie,42,Raleigh.Hilpert@yahoo.com,Nathan,79.222.107.35,Wed Jan 02 2019 20:24:06 GMT-0700 (Mountain Standard Time),Bayer,Fri Nov 30 2018 22:42:29 GMT-0700 (Mountain Standard Time),true,811.19,Sun Apr 28 2019 23:53:31 GMT-0600 (Mountain Daylight Time),18754
5971 Winnifred Crossing,43,Deontae.White@yahoo.com,Edison,36.201.144.243,Thu Dec 06 2018 04:16:15 GMT-0700 (Mountain Standard Time),Rogahn,Sun Jul 15 2018 21:18:56 GMT-0600 (Mountain Daylight Time),false,438.87,Mon Apr 29 2019 20:26:39 GMT-0600 (Mountain Daylight Time),72053-2555
37146 Gerry Hollow,23,Gunnar.Anderson@hotmail.com,Cicero,218.213.80.122,Wed Feb 06 2019 07:09:42 GMT-0700 (Mountain Standard Time),Gerhold,Tue Apr 23 2019 00:48:01 GMT-0600 (Mountain Daylight Time),false,289.17,Mon Apr 29 2019 00:17:23 GMT-0600 (Mountain Daylight Time),70516
1123 Andreane Ville,54,Vidal37@gmail.com,Meta,34.179.222.113,Sat Jan 05 2019 08:40:31 GMT-0700 (Mountain Standard Time),Moore,Mon Dec 10 2018 02:06:27 GMT-0700 (Mountain Standard Time),true,951.55,Mon Apr 29 2019 19:53:58 GMT-0600 (Mountain Daylight Time),67137
61430 Ari Well,66,Greta_Bradtke@yahoo.com,Andrew,148.92.193.15,Fri Jan 04 2019 01:05:17 GMT-0700 (Mountain Standard Time),Kohler,Sun Nov 18 2018 00:19:27 GMT-0700 (Mountain Standard Time),false,294.57,Mon Apr 29 2019 18:20:13 GMT-0600 (Mountain Daylight Time),39898-3950
250 Laury Manor,13,Kiarra.DAmore37@hotmail.com,Liliana,28.112.178.27,Wed Mar 13 2019 22:45:29 GMT-0600 (Mountain Daylight Time),Halvorson,Fri Aug 10 2018 21:47:41 GMT-0600 (Mountain Daylight Time),false,354.61,Mon Apr 29 2019 12:38:18 GMT-0600 (Mountain Daylight Time),44870-0030
396 Runolfsdottir Trace,64,Amy.Halvorson@gmail.com,April,98.228.205.165,Sun Jan 06 2019 13:57:54 GMT-0700 (Mountain Standard Time),Stroman,Mon May 14 2018 02:25:45 GMT-0600 (Mountain Daylight Time),true,662.01,Mon Apr 29 2019 05:53:36 GMT-0600 (Mountain Daylight Time),57426
0817 McClure Trace,21,Oleta.Turner33@yahoo.com,Leif,145.171.30.172,Wed Mar 06 2019 14:45:18 GMT-0700 (Mountain Standard Time),Ward,Sun Jul 29 2018 11:25:47 GMT-0600 (Mountain Daylight Time),true,215.73,Sun Apr 28 2019 22:59:28 GMT-0600 (Mountain Daylight Time),64805-4330
135 Sienna Crossroad,57,Jairo12@hotmail.com,Cora,210.152.117.66,Sun Jul 08 2018 19:01:02 GMT-0600 (Mountain Daylight Time),Torphy,Fri May 04 2018 10:33:33 GMT-0600 (Mountain Daylight Time),false,150.78,Mon Apr 29 2019 18:09:17 GMT-0600 (Mountain Daylight Time),84514
490 Carter Harbor,37,Angelo_Lind@yahoo.com,Clyde,220.237.223.73,Sun Aug 19 2018 15:54:15 GMT-0600 (Mountain Daylight Time),Sporer,Mon Aug 27 2018 07:50:23 GMT-0600 (Mountain Daylight Time),false,877.54,Mon Apr 29 2019 11:21:26 GMT-0600 (Mountain Daylight Time),14867-9455
95700 Bode Port,89,Alexzander.Barrows84@gmail.com,Shany,165.62.233.107,Sun Feb 17 2019 19:22:34 GMT-0700 (Mountain Standard Time),Leffler,Fri Jun 01 2018 18:59:08 GMT-0600 (Mountain Daylight Time),true,812.72,Mon Apr 29 2019 08:30:49 GMT-0600 (Mountain Daylight Time),30945-5594
2348 Kirlin Crossroad,46,Brown33@hotmail.com,Felix,243.197.206.200,Sun Jul 15 2018 23:35:32 GMT-0600 (Mountain Daylight Time),Kassulke,Sun Jun 03 2018 08:17:41 GMT-0600 (Mountain Daylight Time),false,512.30,Mon Apr 29 2019 00:20:04 GMT-0600 (Mountain Daylight Time),16365
48073 Daniel Street,42,Creola89@yahoo.com,Velda,139.206.46.170,Wed Apr 17 2019 20:40:02 GMT-0600 (Mountain Daylight Time),Mitchell,Tue Jan 08 2019 06:08:23 GMT-0700 (Mountain Standard Time),false,791.58,Mon Apr 29 2019 11:47:12 GMT-0600 (Mountain Daylight Time),34586
38528 Smith Prairie,46,Rick27@yahoo.com,Oral,87.29.22.177,Mon Aug 13 2018 08:33:42 GMT-0600 (Mountain Daylight Time),Schimmel,Sat Dec 29 2018 18:25:10 GMT-0700 (Mountain Standard Time),true,168.49,Mon Apr 29 2019 17:21:27 GMT-0600 (Mountain Daylight Time),00187-5852
92833 Danika Oval,25,Kolby_Crooks@gmail.com,Skye,3.57.197.254,Fri Jan 04 2019 23:10:13 GMT-0700 (Mountain Standard Time),Halvorson,Tue May 01 2018 19:38:13 GMT-0600 (Mountain Daylight Time),true,635.81,Mon Apr 29 2019 02:26:58 GMT-0600 (Mountain Daylight Time),61191-0528
2621 Koepp Island,76,Jaycee60@gmail.com,Giles,64.146.202.246,Thu Nov 29 2018 12:34:19 GMT-0700 (Mountain Standard Time),Ledner,Tue Feb 19 2019 16:14:13 GMT-0700 (Mountain Standard Time),true,320.92,Mon Apr 29 2019 02:48:58 GMT-0600 (Mountain Daylight Time),19430
4998 Eliseo Port,48,Orie_Glover@gmail.com,Jazlyn,143.42.139.143,Sat Aug 25 2018 22:46:53 GMT-0600 (Mountain Daylight Time),Heathcote,Mon Feb 11 2019 20:39:54 GMT-0700 (Mountain Standard Time),false,584.53,Mon Apr 29 2019 09:38:11 GMT-0600 (Mountain Daylight Time),16261
19747 Glover Land,68,Colt_Funk4@hotmail.com,Solon,36.129.129.55,Sat Sep 08 2018 11:35:15 GMT-0600 (Mountain Daylight Time),Yost,Sun Jan 13 2019 15:21:07 GMT-0700 (Mountain Standard Time),true,208.36,Mon Apr 29 2019 00:20:08 GMT-0600 (Mountain Daylight Time),72120-4124
1727 Sanford Falls,64,Kacie46@yahoo.com,Dewayne,178.246.237.144,Sun Oct 14 2018 11:50:22 GMT-0600 (Mountain Daylight Time),Koss,Sat Jun 30 2018 11:19:11 GMT-0600 (Mountain Daylight Time),true,272.60,Mon Apr 29 2019 10:32:14 GMT-0600 (Mountain Daylight Time),28532
3251 Macejkovic Estates,76,Tito_Watsica78@gmail.com,Colton,99.78.175.239,Wed Feb 20 2019 21:20:40 GMT-0700 (Mountain Standard Time),Wisozk,Sun Dec 23 2018 12:57:16 GMT-0700 (Mountain Standard Time),true,436.23,Mon Apr 29 2019 18:45:31 GMT-0600 (Mountain Daylight Time),81165
0749 Linnea Branch,71,Russell.Murray50@yahoo.com,Tavares,72.143.12.219,Sat Jun 30 2018 00:17:34 GMT-0600 (Mountain Daylight Time),Goyette,Wed Sep 26 2018 08:55:53 GMT-0600 (Mountain Daylight Time),false,776.85,Mon Apr 29 2019 21:56:50 GMT-0600 (Mountain Daylight Time),17839
81659 Jermey Spur,52,Anne_Bernier@gmail.com,Sigurd,51.249.244.220,Sun Nov 04 2018 21:58:13 GMT-0700 (Mountain Standard Time),Stroman,Wed Jan 16 2019 11:18:48 GMT-0700 (Mountain Standard Time),true,733.62,Mon Apr 29 2019 19:51:11 GMT-0600 (Mountain Daylight Time),24422
2170 Stiedemann Coves,47,Gino.Renner@gmail.com,Julianne,105.249.95.79,Sat Dec 29 2018 05:54:19 GMT-0700 (Mountain Standard Time),Hansen,Mon Oct 01 2018 02:46:22 GMT-0600 (Mountain Daylight Time),true,721.40,Mon Apr 29 2019 21:00:19 GMT-0600 (Mountain Daylight Time),74948-5143
2600 Keebler Junctions,74,Dewayne_Parker35@hotmail.com,Lorenzo,234.251.97.3,Sun Jan 13 2019 21:21:39 GMT-0700 (Mountain Standard Time),McDermott,Fri Nov 09 2018 00:06:32 GMT-0700 (Mountain Standard Time),false,396.18,Mon Apr 29 2019 10:10:35 GMT-0600 (Mountain Daylight Time),22949
7920 Blaise Springs,22,Waldo11@hotmail.com,Graciela,55.224.136.37,Mon Oct 29 2018 14:30:31 GMT-0600 (Mountain Daylight Time),Nienow,Sat Dec 08 2018 18:24:42 GMT-0700 (Mountain Standard Time),true,365.06,Mon Apr 29 2019 19:55:12 GMT-0600 (Mountain Daylight Time),37468
7811 Christelle Locks,42,Lavinia.Upton@yahoo.com,Ashtyn,228.103.130.35,Mon Dec 24 2018 10:52:07 GMT-0700 (Mountain Standard Time),Schmeler,Wed Feb 27 2019 19:54:16 GMT-0700 (Mountain Standard Time),true,820.82,Mon Apr 29 2019 15:17:23 GMT-0600 (Mountain Daylight Time),32157
14764 Okuneva Stream,64,Janiya_McDermott@gmail.com,Elta,103.6.195.3,Tue May 22 2018 09:29:02 GMT-0600 (Mountain Daylight Time),Boyle,Sun Oct 07 2018 08:06:39 GMT-0600 (Mountain Daylight Time),true,316.12,Mon Apr 29 2019 10:59:35 GMT-0600 (Mountain Daylight Time),18299
31696 Winona Shore,70,Linwood.Trantow@yahoo.com,Ellen,110.207.61.93,Wed Jun 20 2018 16:44:20 GMT-0600 (Mountain Daylight Time),Wunsch,Fri Apr 26 2019 11:35:54 GMT-0600 (Mountain Daylight Time),true,547.52,Mon Apr 29 2019 01:25:42 GMT-0600 (Mountain Daylight Time),82873-2760
75546 Boyer Extension,18,Trevor41@hotmail.com,Pinkie,232.26.139.175,Thu Jul 26 2018 18:51:47 GMT-0600 (Mountain Daylight Time),Bruen,Wed Nov 07 2018 10:07:43 GMT-0700 (Mountain Standard Time),false,59.02,Mon Apr 29 2019 22:09:18 GMT-0600 (Mountain Daylight Time),36593
79461 Hoppe Land,43,Kale.Greenholt80@gmail.com,Veda,5.35.23.215,Fri Mar 08 2019 09:44:53 GMT-0700 (Mountain Standard Time),Douglas,Sun Sep 09 2018 16:22:04 GMT-0600 (Mountain Daylight Time),false,851.14,Mon Apr 29 2019 07:51:58 GMT-0600 (Mountain Daylight Time),19103
0804 Jacobi Roads,69,Percy.Doyle61@yahoo.com,Wilhelmine,217.238.113.188,Mon Apr 22 2019 16:24:14 GMT-0600 (Mountain Daylight Time),Spinka,Sat Dec 22 2018 15:13:08 GMT-0700 (Mountain Standard Time),false,529.79,Mon Apr 29 2019 06:24:37 GMT-0600 (Mountain Daylight Time),49114
7876 Janet Parks,36,Mireille_Barrows39@yahoo.com,Cleve,215.197.18.51,Thu Sep 13 2018 04:45:20 GMT-0600 (Mountain Daylight Time),Rolfson,Thu Dec 06 2018 15:15:01 GMT-0700 (Mountain Standard Time),true,767.81,Sun Apr 28 2019 23:45:17 GMT-0600 (Mountain Daylight Time),62133-2329
40521 Hertha Route,67,Ernest_Crooks@hotmail.com,Lexie,227.215.191.170,Tue Aug 07 2018 13:56:21 GMT-0600 (Mountain Daylight Time),Larson,Thu Sep 13 2018 08:32:08 GMT-0600 (Mountain Daylight Time),true,530.73,Mon Apr 29 2019 05:03:55 GMT-0600 (Mountain Daylight Time),07503
62332 Funk Groves,1,Joanie_Terry87@yahoo.com,Barrett,118.34.121.161,Sat Apr 20 2019 09:44:41 GMT-0600 (Mountain Daylight Time),Schoen,Fri Sep 14 2018 11:31:06 GMT-0600 (Mountain Daylight Time),false,53.33,Mon Apr 29 2019 21:30:12 GMT-0600 (Mountain Daylight Time),82810-1899
02036 Nikolaus Vista,90,Kylie42@yahoo.com,Micheal,242.79.23.226,Sun Jan 06 2019 11:14:56 GMT-0700 (Mountain Standard Time),Mann,Fri Feb 22 2019 15:40:59 GMT-0700 (Mountain Standard Time),true,707.65,Mon Apr 29 2019 18:07:06 GMT-0600 (Mountain Daylight Time),98505-1981
70309 Lemke Village,13,Murray.Harris44@yahoo.com,Sammy,116.200.26.124,Fri Jun 01 2018 04:37:19 GMT-0600 (Mountain Daylight Time),Torphy,Thu Jul 19 2018 00:23:44 GMT-0600 (Mountain Daylight Time),true,343.97,Sun Apr 28 2019 23:55:21 GMT-0600 (Mountain Daylight Time),33411
585 Hartmann Ramp,66,Jocelyn.Prohaska@hotmail.com,Toney,180.199.230.59,Sun Jan 13 2019 09:08:11 GMT-0700 (Mountain Standard Time),Rolfson,Sat Apr 27 2019 09:06:13 GMT-0600 (Mountain Daylight Time),false,449.45,Mon Apr 29 2019 11:18:31 GMT-0600 (Mountain Daylight Time),76514
3231 Asha Meadows,100,Greg_Reichert91@yahoo.com,Moshe,151.27.153.181,Sat Jun 30 2018 19:27:30 GMT-0600 (Mountain Daylight Time),Hand,Tue Dec 11 2018 21:17:46 GMT-0700 (Mountain Standard Time),true,275.26,Mon Apr 29 2019 21:22:47 GMT-0600 (Mountain Daylight Time),83958
27202 Dulce Plaza,50,Obie37@gmail.com,Agustin,61.2.231.144,Thu Mar 07 2019 13:23:02 GMT-0700 (Mountain Standard Time),Klocko,Sun Sep 09 2018 19:32:44 GMT-0600 (Mountain Daylight Time),false,735.84,Mon Apr 29 2019 17:29:57 GMT-0600 (Mountain Daylight Time),12930-0251
37839 Larissa Union,78,Max_Little@hotmail.com,Erik,69.118.206.52,Wed May 16 2018 05:27:40 GMT-0600 (Mountain Daylight Time),Thompson,Sat Feb 16 2019 05:56:53 GMT-0700 (Mountain Standard Time),true,98.20,Mon Apr 29 2019 16:55:19 GMT-0600 (Mountain Daylight Time),74228-6397
19945 Gerald Fork,99,Geo39@gmail.com,Cyrus,41.214.136.115,Sun Jun 10 2018 21:31:54 GMT-0600 (Mountain Daylight Time),Shanahan,Sat Jul 21 2018 11:28:00 GMT-0600 (Mountain Daylight Time),false,786.91,Sun Apr 28 2019 22:34:48 GMT-0600 (Mountain Daylight Time),62274
0695 Rippin Street,78,Cielo.Marks@gmail.com,Malachi,54.176.29.181,Sun Oct 14 2018 11:34:57 GMT-0600 (Mountain Daylight Time),Spinka,Wed May 30 2018 22:45:09 GMT-0600 (Mountain Daylight Time),false,482.33,Mon Apr 29 2019 16:02:38 GMT-0600 (Mountain Daylight Time),04616-5064
305 Bahringer Station,61,Wayne35@gmail.com,Wilbert,250.80.23.230,Wed Mar 13 2019 23:20:56 GMT-0600 (Mountain Daylight Time),Veum,Mon Oct 01 2018 11:10:29 GMT-0600 (Mountain Daylight Time),true,22.90,Mon Apr 29 2019 01:14:26 GMT-0600 (Mountain Daylight Time),08943-0926
02607 Thiel Locks,88,Felipa.Green@yahoo.com,Bernice,88.36.74.144,Fri Jan 11 2019 14:15:12 GMT-0700 (Mountain Standard Time),Schultz,Mon Aug 06 2018 17:47:05 GMT-0600 (Mountain Daylight Time),true,342.63,Mon Apr 29 2019 21:29:02 GMT-0600 (Mountain Daylight Time),67915-0126
647 Filomena Court,15,Shana_Hyatt68@gmail.com,Layne,230.135.82.209,Fri Mar 15 2019 16:04:02 GMT-0600 (Mountain Daylight Time),Hettinger,Sun Nov 04 2018 07:01:20 GMT-0700 (Mountain Standard Time),false,712.24,Mon Apr 29 2019 03:34:52 GMT-0600 (Mountain Daylight Time),79894-1267
2629 Goodwin Keys,33,Nona.Hagenes@yahoo.com,Keven,139.156.87.33,Sun Aug 26 2018 05:51:45 GMT-0600 (Mountain Daylight Time),Stracke,Thu May 03 2018 14:18:42 GMT-0600 (Mountain Daylight Time),false,969.92,Sun Apr 28 2019 23:08:57 GMT-0600 (Mountain Daylight Time),55160
753 Prudence Course,90,Brittany26@hotmail.com,Vicente,71.91.47.139,Sat Nov 10 2018 08:26:08 GMT-0700 (Mountain Standard Time),Nolan,Thu Oct 18 2018 03:38:55 GMT-0600 (Mountain Daylight Time),true,999.81,Mon Apr 29 2019 20:38:12 GMT-0600 (Mountain Daylight Time),66451-1829
1537 Runte Neck,20,Asa_Hegmann57@yahoo.com,Estelle,119.75.51.63,Mon Dec 17 2018 19:13:08 GMT-0700 (Mountain Standard Time),Johnston,Fri Aug 24 2018 23:40:15 GMT-0600 (Mountain Daylight Time),true,133.45,Mon Apr 29 2019 09:05:09 GMT-0600 (Mountain Daylight Time),81598-3086
5563 Roob Rapid,34,Furman_Walker@gmail.com,Letha,219.62.57.79,Tue Apr 09 2019 00:44:41 GMT-0600 (Mountain Daylight Time),Kris,Fri Jun 15 2018 18:24:20 GMT-0600 (Mountain Daylight Time),true,589.26,Mon Apr 29 2019 06:33:51 GMT-0600 (Mountain Daylight Time),93194
7214 Magali Greens,5,Adam.Hintz@gmail.com,Gianni,106.185.90.125,Wed Feb 13 2019 16:30:54 GMT-0700 (Mountain Standard Time),Nikolaus,Thu Dec 06 2018 05:32:40 GMT-0700 (Mountain Standard Time),false,771.69,Sun Apr 28 2019 23:07:01 GMT-0600 (Mountain Daylight Time),05295-1017
106 Dennis Shoal,85,Domenic_Langworth@yahoo.com,Marlin,227.245.147.229,Sat Sep 29 2018 13:55:37 GMT-0600 (Mountain Daylight Time),Carter,Sat Dec 15 2018 01:01:06 GMT-0700 (Mountain Standard Time),false,945.63,Mon Apr 29 2019 03:06:53 GMT-0600 (Mountain Daylight Time),81146-6399
033 Balistreri Course,69,Jalyn_Rau@gmail.com,Arely,14.252.50.61,Sun Mar 10 2019 11:50:25 GMT-0600 (Mountain Daylight Time),Orn,Fri Apr 05 2019 20:51:39 GMT-0600 (Mountain Daylight Time),false,849.56,Mon Apr 29 2019 22:18:28 GMT-0600 (Mountain Daylight Time),51732-2373
6080 Emile Shoal,86,Adrianna.Gibson76@gmail.com,Price,14.46.131.110,Mon May 07 2018 00:13:55 GMT-0600 (Mountain Daylight Time),Mante,Sat Oct 06 2018 19:40:14 GMT-0600 (Mountain Daylight Time),true,252.71,Sun Apr 28 2019 23:52:23 GMT-0600 (Mountain Daylight Time),05383-7450
5013 Freida Meadow,68,Anahi3@gmail.com,Camille,76.167.181.104,Mon Jun 04 2018 05:24:54 GMT-0600 (Mountain Daylight Time),Littel,Sat May 05 2018 21:26:06 GMT-0600 (Mountain Daylight Time),false,747.75,Mon Apr 29 2019 00:07:46 GMT-0600 (Mountain Daylight Time),39755-2005
763 Koch Park,77,Trevor_Heaney82@gmail.com,Aracely,86.82.249.6,Mon Dec 31 2018 18:53:36 GMT-0700 (Mountain Standard Time),Block,Sun Apr 21 2019 22:30:00 GMT-0600 (Mountain Daylight Time),true,513.10,Mon Apr 29 2019 19:03:39 GMT-0600 (Mountain Daylight Time),16789
19938 Gorczany Turnpike,40,Brook_Schaden40@hotmail.com,Camille,172.209.0.214,Mon Nov 05 2018 12:25:16 GMT-0700 (Mountain Standard Time),Nader,Thu Nov 22 2018 02:59:34 GMT-0700 (Mountain Standard Time),true,821.67,Mon Apr 29 2019 11:31:18 GMT-0600 (Mountain Daylight Time),87900-5985
358 Letitia Viaduct,62,Immanuel77@hotmail.com,Randi,179.160.157.74,Wed May 02 2018 23:59:22 GMT-0600 (Mountain Daylight Time),Robel,Wed Jul 18 2018 18:28:23 GMT-0600 (Mountain Daylight Time),false,204.77,Mon Apr 29 2019 18:34:55 GMT-0600 (Mountain Daylight Time),33061-6123
85240 Albin Center,9,Chaz78@gmail.com,Sylvester,161.134.98.216,Sat Dec 22 2018 23:40:37 GMT-0700 (Mountain Standard Time),Denesik,Sun Aug 19 2018 09:11:35 GMT-0600 (Mountain Daylight Time),true,593.22,Mon Apr 29 2019 20:01:27 GMT-0600 (Mountain Daylight Time),36425-0850
05173 Monahan Pines,14,Sallie_Kreiger29@gmail.com,Roberta,117.114.22.105,Mon Apr 29 2019 18:07:29 GMT-0600 (Mountain Daylight Time),Quigley,Sun Mar 17 2019 15:08:01 GMT-0600 (Mountain Daylight Time),false,579.65,Mon Apr 29 2019 03:58:54 GMT-0600 (Mountain Daylight Time),72494-3685
9518 Kuphal Island,33,River17@yahoo.com,Rudy,231.102.215.244,Sun Oct 07 2018 01:36:18 GMT-0600 (Mountain Daylight Time),Daugherty,Tue Oct 23 2018 00:45:30 GMT-0600 (Mountain Daylight Time),false,616.46,Mon Apr 29 2019 01:15:54 GMT-0600 (Mountain Daylight Time),98864-2132
51318 Shanahan Meadows,0,Reyes2@gmail.com,Ike,1.137.254.176,Mon Sep 03 2018 16:38:11 GMT-0600 (Mountain Daylight Time),Borer,Tue Jun 05 2018 00:00:12 GMT-0600 (Mountain Daylight Time),false,675.46,Mon Apr 29 2019 20:29:21 GMT-0600 (Mountain Daylight Time),18004-2547
64863 Gleichner Heights,34,Valerie_Beer@gmail.com,Lucy,196.155.142.24,Tue Feb 26 2019 13:36:02 GMT-0700 (Mountain Standard Time),Goldner,Sun Dec 02 2018 09:16:27 GMT-0700 (Mountain Standard Time),false,446.94,Mon Apr 29 2019 05:19:20 GMT-0600 (Mountain Daylight Time),47328
7204 Kovacek Ridge,51,Claudie_Berge71@gmail.com,Albina,55.90.3.218,Wed Sep 26 2018 11:12:20 GMT-0600 (Mountain Daylight Time),Kling,Fri Dec 14 2018 05:05:04 GMT-0700 (Mountain Standard Time),true,201.58,Sun Apr 28 2019 23:01:45 GMT-0600 (Mountain Daylight Time),83000-5138
3102 Rath Pines,34,Giovanni.Franecki63@gmail.com,Dorcas,116.15.232.66,Sat Apr 20 2019 00:00:28 GMT-0600 (Mountain Daylight Time),Will,Sun Aug 05 2018 02:16:21 GMT-0600 (Mountain Daylight Time),true,355.03,Mon Apr 29 2019 13:45:18 GMT-0600 (Mountain Daylight Time),08645
707 Kub Mill,63,Maximillian19@gmail.com,Allison,63.203.211.107,Fri Feb 01 2019 15:18:19 GMT-0700 (Mountain Standard Time),Schroeder,Sat Jul 07 2018 21:03:41 GMT-0600 (Mountain Daylight Time),true,979.29,Mon Apr 29 2019 14:47:07 GMT-0600 (Mountain Daylight Time),41424-3836
06518 Bernhard Summit,38,Angus_Auer@hotmail.com,Lorna,197.173.0.216,Tue Oct 30 2018 21:22:17 GMT-0600 (Mountain Daylight Time),Dickinson,Tue Feb 05 2019 03:26:24 GMT-0700 (Mountain Standard Time),true,925.97,Mon Apr 29 2019 01:11:53 GMT-0600 (Mountain Daylight Time),44453
5070 Yost Junction,26,Shakira19@gmail.com,Oliver,15.195.162.135,Sat Jun 09 2018 21:59:07 GMT-0600 (Mountain Daylight Time),Eichmann,Fri Nov 02 2018 01:02:01 GMT-0600 (Mountain Daylight Time),false,747.07,Mon Apr 29 2019 11:58:12 GMT-0600 (Mountain Daylight Time),20319-1837
83733 Walker Freeway,89,Dereck27@yahoo.com,Retha,238.59.106.214,Sat Jun 30 2018 04:10:35 GMT-0600 (Mountain Daylight Time),Bechtelar,Mon Nov 05 2018 17:42:20 GMT-0700 (Mountain Standard Time),false,384.03,Mon Apr 29 2019 03:07:48 GMT-0600 (Mountain Daylight Time),45494-4807
69305 Abbigail Lock,54,Keeley_Durgan85@hotmail.com,Herta,173.88.177.62,Fri Jan 25 2019 03:43:58 GMT-0700 (Mountain Standard Time),Rodriguez,Sat Aug 11 2018 02:20:58 GMT-0600 (Mountain Daylight Time),true,189.29,Mon Apr 29 2019 02:13:39 GMT-0600 (Mountain Daylight Time),75955-1480
890 Linda Row,75,Horacio55@yahoo.com,Guiseppe,180.70.194.178,Fri Jun 08 2018 21:29:49 GMT-0600 (Mountain Daylight Time),Kunze,Sat Nov 17 2018 21:17:37 GMT-0700 (Mountain Standard Time),true,945.13,Mon Apr 29 2019 15:27:23 GMT-0600 (Mountain Daylight Time),99672-9812
686 Alba Forks,65,Mozell.Pollich24@gmail.com,Irma,93.83.222.153,Tue Feb 26 2019 20:25:17 GMT-0700 (Mountain Standard Time),Berge,Mon Sep 03 2018 12:39:59 GMT-0600 (Mountain Daylight Time),false,60.69,Mon Apr 29 2019 06:31:05 GMT-0600 (Mountain Daylight Time),80887
29353 Audie Lock,75,Gilberto_Flatley@yahoo.com,Kira,134.17.156.180,Sun Dec 02 2018 17:01:41 GMT-0700 (Mountain Standard Time),Howell,Sun Feb 24 2019 15:08:33 GMT-0700 (Mountain Standard Time),false,487.40,Mon Apr 29 2019 13:12:39 GMT-0600 (Mountain Daylight Time),97265-7532
5722 Simonis Forge,96,Carley_Hammes48@hotmail.com,Justice,97.197.44.4,Wed Aug 29 2018 09:24:36 GMT-0600 (Mountain Daylight Time),Kassulke,Fri Aug 03 2018 01:23:18 GMT-0600 (Mountain Daylight Time),false,166.25,Mon Apr 29 2019 16:10:50 GMT-0600 (Mountain Daylight Time),14665-0671
5499 Benny Rest,27,Terrance.Johnson@yahoo.com,Aidan,90.69.1.36,Sat Jun 16 2018 19:29:24 GMT-0600 (Mountain Daylight Time),McClure,Fri Nov 09 2018 21:13:25 GMT-0700 (Mountain Standard Time),true,44.96,Mon Apr 29 2019 10:20:16 GMT-0600 (Mountain Daylight Time),65438
385 Lowe Stravenue,41,Meta96@yahoo.com,Brionna,154.19.90.220,Sat Feb 23 2019 22:25:25 GMT-0700 (Mountain Standard Time),Fahey,Sun Dec 23 2018 09:31:05 GMT-0700 (Mountain Standard Time),false,891.21,Mon Apr 29 2019 12:09:38 GMT-0600 (Mountain Daylight Time),12467-8458
0620 Eli Creek,26,Alden45@gmail.com,Izabella,219.225.171.120,Fri Jun 01 2018 05:52:58 GMT-0600 (Mountain Daylight Time),Tremblay,Wed Apr 10 2019 06:01:06 GMT-0600 (Mountain Daylight Time),true,366.75,Mon Apr 29 2019 01:16:43 GMT-0600 (Mountain Daylight Time),32125-2961
6276 Fay Parks,4,Brittany.Strosin@gmail.com,Kaela,21.14.211.100,Thu Nov 01 2018 21:04:26 GMT-0600 (Mountain Daylight Time),Schumm,Tue Sep 04 2018 23:59:00 GMT-0600 (Mountain Daylight Time),true,440.44,Mon Apr 29 2019 12:41:45 GMT-0600 (Mountain Daylight Time),70775-4663
0153 Cremin Ports,4,Reymundo55@hotmail.com,Torey,38.138.115.8,Fri Jun 22 2018 13:22:27 GMT-0600 (Mountain Daylight Time),Stehr,Fri Sep 28 2018 12:37:49 GMT-0600 (Mountain Daylight Time),true,665.16,Mon Apr 29 2019 14:23:40 GMT-0600 (Mountain Daylight Time),93315-4806
0783 Hermiston Fork,37,Fatima.Bergstrom@hotmail.com,Schuyler,143.189.246.126,Fri Dec 14 2018 00:19:42 GMT-0700 (Mountain Standard Time),Jenkins,Sat Mar 30 2019 09:13:23 GMT-0600 (Mountain Daylight Time),true,244.41,Mon Apr 29 2019 17:26:16 GMT-0600 (Mountain Daylight Time),90674
797 Armand Bypass,13,Jeffery_Stiedemann@gmail.com,Heaven,250.104.73.32,Mon Mar 11 2019 20:07:07 GMT-0600 (Mountain Daylight Time),Eichmann,Thu Dec 20 2018 12:11:43 GMT-0700 (Mountain Standard Time),false,296.62,Mon Apr 29 2019 08:16:59 GMT-0600 (Mountain Daylight Time),00699-0324
79247 Gerhold Parks,0,Maybell23@gmail.com,Haleigh,237.103.181.141,Thu Nov 08 2018 03:09:57 GMT-0700 (Mountain Standard Time),Gibson,Sat Nov 03 2018 00:09:29 GMT-0600 (Mountain Daylight Time),false,947.45,Mon Apr 29 2019 01:30:07 GMT-0600 (Mountain Daylight Time),33826
002 Sabryna Mount,93,Lucy.Huels72@yahoo.com,Ryder,39.28.17.38,Wed Apr 10 2019 19:04:44 GMT-0600 (Mountain Daylight Time),Crist,Tue Jul 10 2018 10:55:53 GMT-0600 (Mountain Daylight Time),true,402.37,Mon Apr 29 2019 13:27:31 GMT-0600 (Mountain Daylight Time),52562
224 Camylle Mountains,13,Vito_Lebsack52@hotmail.com,Julio,230.222.242.202,Sun Mar 31 2019 23:56:05 GMT-0600 (Mountain Daylight Time),Heller,Sat Sep 29 2018 03:34:13 GMT-0600 (Mountain Daylight Time),false,216.15,Sun Apr 28 2019 23:55:37 GMT-0600 (Mountain Daylight Time),95996
99458 Aditya Circle,66,Antone6@hotmail.com,Rosalia,138.94.197.170,Sun Sep 02 2018 09:20:26 GMT-0600 (Mountain Daylight Time),Vandervort,Wed Mar 13 2019 16:27:03 GMT-0600 (Mountain Daylight Time),false,530.95,Sun Apr 28 2019 22:22:41 GMT-0600 (Mountain Daylight Time),03418-1858
63342 Garrick Ridge,44,Iliana.Schaefer59@yahoo.com,Kassandra,233.236.4.174,Fri May 11 2018 09:46:18 GMT-0600 (Mountain Daylight Time),Stoltenberg,Thu Aug 16 2018 05:28:09 GMT-0600 (Mountain Daylight Time),true,923.15,Mon Apr 29 2019 02:46:59 GMT-0600 (Mountain Daylight Time),52441
44094 Murphy Locks,35,Alec_Steuber79@gmail.com,Kiarra,3.120.151.98,Sun Jul 15 2018 06:52:21 GMT-0600 (Mountain Daylight Time),Lang,Tue Jul 10 2018 05:48:00 GMT-0600 (Mountain Daylight Time),true,152.77,Mon Apr 29 2019 17:32:25 GMT-0600 (Mountain Daylight Time),98838-5652
3728 Terrell Spring,25,Ima_Reichel@gmail.com,Bette,196.227.25.185,Sun Dec 23 2018 15:27:03 GMT-0700 (Mountain Standard Time),Keebler,Sun Sep 30 2018 08:16:29 GMT-0600 (Mountain Daylight Time),true,63.21,Sun Apr 28 2019 23:07:38 GMT-0600 (Mountain Daylight Time),40312
113 Fadel Mission,59,Hal_Cronin@hotmail.com,Alaina,128.121.182.188,Tue Jul 03 2018 12:55:05 GMT-0600 (Mountain Daylight Time),Mertz,Tue Dec 04 2018 19:38:50 GMT-0700 (Mountain Standard Time),true,477.87,Mon Apr 29 2019 16:15:15 GMT-0600 (Mountain Daylight Time),78598
7093 Gunnar River,0,Fermin68@yahoo.com,Okey,146.94.253.66,Sun Dec 02 2018 19:02:28 GMT-0700 (Mountain Standard Time),Reilly,Wed Jan 09 2019 16:43:39 GMT-0700 (Mountain Standard Time),false,728.20,Mon Apr 29 2019 06:49:57 GMT-0600 (Mountain Daylight Time),27601-8484
47967 Dorcas Stream,77,Marilie29@yahoo.com,Keaton,152.243.42.187,Mon Feb 18 2019 06:22:27 GMT-0700 (Mountain Standard Time),Kuvalis,Tue Jul 03 2018 03:54:48 GMT-0600 (Mountain Daylight Time),false,541.18,Mon Apr 29 2019 05:39:53 GMT-0600 (Mountain Daylight Time),79938
3546 Christina Walk,99,Marlin_Waters4@gmail.com,Floy,149.45.34.144,Sat Mar 16 2019 22:12:02 GMT-0600 (Mountain Daylight Time),Flatley,Mon Aug 20 2018 01:53:35 GMT-0600 (Mountain Daylight Time),false,552.23,Mon Apr 29 2019 12:04:22 GMT-0600 (Mountain Daylight Time),78053-3458
1488 Hamill Hollow,89,Karl_Wolf5@yahoo.com,Junior,33.85.21.1,Sat Mar 02 2019 23:35:39 GMT-0700 (Mountain Standard Time),Herzog,Sun Feb 03 2019 23:07:43 GMT-0700 (Mountain Standard Time),true,902.66,Mon Apr 29 2019 04:25:50 GMT-0600 (Mountain Daylight Time),59539
47750 Gus Course,42,Seth.Hermiston@gmail.com,Mollie,138.27.53.91,Tue Nov 27 2018 19:02:43 GMT-0700 (Mountain Standard Time),Kemmer,Tue Feb 05 2019 10:23:33 GMT-0700 (Mountain Standard Time),false,56.60,Mon Apr 29 2019 13:03:26 GMT-0600 (Mountain Daylight Time),33514-6299
659 McLaughlin Mountain,75,Nathaniel82@yahoo.com,Mae,68.166.138.255,Tue Feb 19 2019 08:46:32 GMT-0700 (Mountain Standard Time),Larkin,Mon Mar 18 2019 12:53:41 GMT-0600 (Mountain Daylight Time),false,109.43,Mon Apr 29 2019 14:48:15 GMT-0600 (Mountain Daylight Time),36748
283 Rafaela Stream,70,Adaline.Dicki13@yahoo.com,Kira,197.19.240.73,Fri May 25 2018 23:59:43 GMT-0600 (Mountain Daylight Time),Wuckert,Wed Nov 21 2018 04:44:19 GMT-0700 (Mountain Standard Time),true,799.40,Mon Apr 29 2019 01:31:36 GMT-0600 (Mountain Daylight Time),12608
388 Alaina Mountains,95,Efrain_Satterfield65@yahoo.com,Elza,201.180.242.192,Wed Sep 26 2018 22:28:27 GMT-0600 (Mountain Daylight Time),Yundt,Tue Nov 27 2018 04:23:55 GMT-0700 (Mountain Standard Time),false,973.70,Mon Apr 29 2019 21:55:31 GMT-0600 (Mountain Daylight Time),79427
6517 Maiya Wells,43,Queen_Rath@hotmail.com,Willy,241.220.109.28,Sat Mar 30 2019 03:55:22 GMT-0600 (Mountain Daylight Time),Sipes,Sat Dec 08 2018 11:25:09 GMT-0700 (Mountain Standard Time),false,565.29,Mon Apr 29 2019 01:18:55 GMT-0600 (Mountain Daylight Time),75403-2534
